name,score,reason
Tom,10,"Well, Of Course I Know Him. He's Me."
Tom again,9,"Quite self-explanatory."
Altom,4,"It’s in there."
Altomare,4,"It’s in there."
Altomari,4,"It’s in there."
Altomonte,4,"It’s in there."
Bottom,8,"Made you giggle, right?"
Bottomlee,4,"It’s in there."
Bottomley,4,"It’s in there."
Bottomly,4,"It’s in there."
Bottoms,8,"Yep, wearing one. Keeping it SFW."
Cheatom,4,"It’s in there."
Chittom,1,"Oh crap. No!"
Cotom,4,"It’s in there."
Cottom,4,"It’s in there."
Crisostomo,4,"It’s in there."
Dattoma,4,"It’s in there."
Detoma,4,"It’s in there."
Detomasi,4,"It’s in there."
Detomaso,4,"It’s in there."
Detommaso,4,"It’s in there."
Ditomaso,4,"It’s in there."
Ditomasso,4,"It’s in there."
Ditommaso,4,"It’s in there."
Fantom,4,"It’s in there."
Frantom,4,"It’s in there."
Fukutomi,4,"It’s in there."
Gitomer,4,"It’s in there."
Goitom,4,"It’s in there."
Gostomski,4,"It’s in there."
Grantom,4,"It’s in there."
Grisostomo,4,"It’s in there."
Haltom,4,"It’s in there."
Hickenbottom,4,"It’s in there."
Hickingbottom,4,"It’s in there."
Hickonbottom,4,"It’s in there."
Higgenbottom,4,"It’s in there."
Higginbottom,4,"It’s in there."
Hitomi,5,"Hi to you too!"
Holtom,4,"It’s in there."
Lehtomaki,4,"It’s in there."
Longbottom,4,"It’s in there."
Lutomski,4,"It’s in there."
Mutombo,4,"It’s in there."
Notoma,4,"It’s in there."
Oluwatomi,4,"It’s in there."
Oluwatomisin,4,"It’s in there."
Oluwatomiwa,4,"It’s in there."
Otomo,4,"It’s in there."
Ottomanelli,4,"It’s in there."
Ottomaniello,4,"It’s in there."
Ptomey,4,"It’s in there."
Ramsbottom,4,"It’s in there."
Ransbottom,4,"It’s in there."
Rheubottom,4,"It’s in there."
Rostomyan,4,"It’s in there."
Rowbottom,4,"It’s in there."
Rubottom,4,"It’s in there."
Rustom,4,"It’s in there."
Santomassimo,4,"It’s in there."
Santomauro,4,"It’s in there."
Satomba,4,"It’s in there."
Sidebottom,4,"It’s in there."
Sitomer,4,"It’s in there."
Slightom,4,"It’s in there."
Sotomartinez,4,"It’s in there."
Sotomayer,4,"It’s in there."
Sotomayor,4,"It’s in there."
Statom,4,"It’s in there."
Stom,2,"This is stupid. In Dutch."
Stoma,4,"It’s in there."
Stombaugh,4,"It’s in there."
Stomberg,4,"It’s in there."
Stomer,4,"It’s in there."
Stommel,4,"It’s in there."
Stommes,4,"It’s in there."
Stomp,4,"It’s in there."
Stomps,4,"It’s in there."
Stoms,4,"It’s in there."
Stomski,4,"It’s in there."
Tatom,4,"It’s in there."
Toma,6,"Starts with Tom."
Tomac,6,"Starts with Tom."
Tomah,6,"Starts with Tom."
Tomai,6,"Starts with Tom."
Tomaine,6,"Starts with Tom."
Tomaino,6,"Starts with Tom."
Tomak,6,"Starts with Tom."
Tomaka,6,"Starts with Tom."
Tomal,6,"Starts with Tom."
Tomala,6,"Starts with Tom."
Toman,6,"Starts with Tom."
Tomanek,6,"Starts with Tom."
Tomanelli,6,"Starts with Tom."
Tomanio,6,"Starts with Tom."
Tomany,6,"Starts with Tom."
Tomao,6,"Starts with Tom."
Tomar,6,"Starts with Tom."
Tomaras,6,"Starts with Tom."
Tomarchio,6,"Starts with Tom."
Tomaro,6,"Starts with Tom."
Tomas,6,"Starts with Tom."
Tomasa,6,"Starts with Tom."
Tomasch,6,"Starts with Tom."
Tomasco,6,"Starts with Tom."
Tomasek,6,"Starts with Tom."
Tomasella,6,"Starts with Tom."
Tomaselli,6,"Starts with Tom."
Tomasello,6,"Starts with Tom."
Tomasetti,6,"Starts with Tom."
Tomasevich,6,"Starts with Tom."
Tomash,6,"Starts with Tom."
Tomashek,6,"Starts with Tom."
Tomasheski,6,"Starts with Tom."
Tomasi,6,"Starts with Tom."
Tomasian,6,"Starts with Tom."
Tomasic,6,"Starts with Tom."
Tomasiello,6,"Starts with Tom."
Tomasiewicz,6,"Starts with Tom."
Tomasik,6,"Starts with Tom."
Tomasina,6,"Starts with Tom."
Tomasine,6,"Starts with Tom."
Tomasini,6,"Starts with Tom."
Tomasino,6,"Starts with Tom."
Tomaski,6,"Starts with Tom."
Tomasko,6,"Starts with Tom."
Tomaskovic,6,"Starts with Tom."
Tomaso,6,"Starts with Tom."
Tomason,6,"Starts with Tom."
Tomasovic,6,"Starts with Tom."
Tomasovich,6,"Starts with Tom."
Tomass,6,"Starts with Tom."
Tomassetti,6,"Starts with Tom."
Tomassi,6,"Starts with Tom."
Tomassian,6,"Starts with Tom."
Tomassini,6,"Starts with Tom."
Tomasso,6,"Starts with Tom."
Tomasson,6,"Starts with Tom."
Tomassone,6,"Starts with Tom."
Tomassoni,6,"Starts with Tom."
Tomasula,6,"Starts with Tom."
Tomasulo,6,"Starts with Tom."
Tomasz,6,"Starts with Tom."
Tomaszek,6,"Starts with Tom."
Tomaszewicz,6,"Starts with Tom."
Tomaszewski,6,"Starts with Tom."
Tomaszycki,6,"Starts with Tom."
Tomayko,6,"Starts with Tom."
Tomaz,6,"Starts with Tom."
Tomazic,6,"Starts with Tom."
Tomazin,6,"Starts with Tom."
Tomb,6,"Starts with Tom."
Tombari,6,"Starts with Tom."
Tombaugh,6,"Starts with Tom."
Tomberg,6,"Starts with Tom."
Tomberlin,6,"Starts with Tom."
Tombleson,6,"Starts with Tom."
Tomblin,6,"Starts with Tom."
Tomblinson,6,"Starts with Tom."
Tomboc,6,"Starts with Tom."
Tombrello,6,"Starts with Tom."
Tombs,6,"Starts with Tom."
Tomchak,6,"Starts with Tom."
Tomcheck,6,"Starts with Tom."
Tomchek,6,"Starts with Tom."
Tomchick,6,"Starts with Tom."
Tomchik,6,"Starts with Tom."
Tomcho,6,"Starts with Tom."
Tomcik,6,"Starts with Tom."
Tomco,6,"Starts with Tom."
Tomczak,6,"Starts with Tom."
Tomczik,6,"Starts with Tom."
Tomczuk,6,"Starts with Tom."
Tomczyk,6,"Starts with Tom."
Tome,6,"Starts with Tom."
Tomecek,6,"Starts with Tom."
Tomecko,6,"Starts with Tom."
Tomehak,6,"Starts with Tom."
Tomei,6,"Starts with Tom."
Tomek,6,"Starts with Tom."
Tomeka,6,"Starts with Tom."
Tomeldan,6,"Starts with Tom."
Tomeny,6,"Starts with Tom."
Tomeo,6,"Starts with Tom."
Tomer,6,"Starts with Tom."
Tomera,6,"Starts with Tom."
Tomerlin,6,"Starts with Tom."
Tomes,6,"Starts with Tom."
Tometich,6,"Starts with Tom."
Tomey,6,"Starts with Tom."
Tomfohrde,6,"Starts with Tom."
Tomford,6,"Starts with Tom."
Tomforde,6,"Starts with Tom."
Tomhave,6,"Starts with Tom."
Tomi,6,"Starts with Tom."
Tomi-lee,6,"Starts with Tom."
Tomic,6,"Starts with Tom."
Tomich,6,"Starts with Tom."
Tomichek,6,"Starts with Tom."
Tomicich,6,"Starts with Tom."
Tomidy,6,"Starts with Tom."
Tomika,6,"Starts with Tom."
Tomiko,6,"Starts with Tom."
Tomilson,6,"Starts with Tom."
Tomim,6,"Starts with Tom."
Tominaga,6,"Starts with Tom."
Tomines,6,"Starts with Tom."
Tomino,6,"Starts with Tom."
Tomioka,6,"Starts with Tom."
Tomisin,6,"Starts with Tom."
Tomita,6,"Starts with Tom."
Tomiyama,6,"Starts with Tom."
Tomjack,6,"Starts with Tom."
Tomka,6,"Starts with Tom."
Tomkiel,6,"Starts with Tom."
Tomkiewicz,6,"Starts with Tom."
Tomkin,6,"Starts with Tom."
Tomkins,6,"Starts with Tom."
Tomkinson,6,"Starts with Tom."
Tomko,6,"Starts with Tom."
Tomkowiak,6,"Starts with Tom."
Tomkowicz,6,"Starts with Tom."
Tomkus,6,"Starts with Tom."
Tomlanovich,6,"Starts with Tom."
Tomlin,6,"Starts with Tom."
Tomlins,6,"Starts with Tom."
Tomlinson,6,"Starts with Tom."
Tomlison,6,"Starts with Tom."
Tomm,6,"Starts with Tom."
Tommarello,6,"Starts with Tom."
Tommasi,6,"Starts with Tom."
Tommasini,6,"Starts with Tom."
Tommasino,6,"Starts with Tom."
Tommaso,6,"Starts with Tom."
Tommasone,6,"Starts with Tom."
Tomme,6,"Starts with Tom."
Tommer,6,"Starts with Tom."
Tommerdahl,6,"Starts with Tom."
Tommey,6,"Starts with Tom."
Tommi,6,"Starts with Tom."
Tommie,6,"Starts with Tom."
Tommie-lee,6,"Starts with Tom."
Tommila,6,"Starts with Tom."
Tommolino,6,"Starts with Tom."
Tommy,6,"Starts with Tom."
Tommy-j,6,"Starts with Tom."
Tommy-jack,6,"Starts with Tom."
Tommy-jai,6,"Starts with Tom."
Tommy-james,6,"Starts with Tom."
Tommy-jay,6,"Starts with Tom."
Tommy-joe,6,"Starts with Tom."
Tommy-lee,6,"Starts with Tom."
Tommy-ray,6,"Starts with Tom."
Tommye,6,"Starts with Tom."
Tommylee,6,"Starts with Tom."
Tomney,6,"Starts with Tom."
Tomoko,6,"Starts with Tom."
Tomolonis,6,"Starts with Tom."
Tomon,6,"Starts with Tom."
Tomooka,6,"Starts with Tom."
Tomopoulos,6,"Starts with Tom."
Tomori,6,"Starts with Tom."
Tomory,6,"Starts with Tom."
Tomos,6,"Starts with Tom."
Tomov,6,"Starts with Tom."
Tomoyoshi,6,"Starts with Tom."
Tompa,6,"Starts with Tom."
Tompkin,6,"Starts with Tom."
Tompkins,6,"Starts with Tom."
Tomplait,6,"Starts with Tom."
Tomporowski,6,"Starts with Tom."
Tompos,6,"Starts with Tom."
Tompsett,6,"Starts with Tom."
Tompson,6,"Starts with Tom."
Toms,7,"Starts with Tom but extra point for plural."
Tomsa,6,"Starts with Tom."
Tomsche,6,"Starts with Tom."
Tomsen,6,"Starts with Tom."
Tomsha,6,"Starts with Tom."
Tomshack,6,"Starts with Tom."
Tomsheck,6,"Starts with Tom."
Tomsic,6,"Starts with Tom."
Tomsich,6,"Starts with Tom."
Tomsick,6,"Starts with Tom."
Tomsik,6,"Starts with Tom."
Tomski,6,"Starts with Tom."
Tomsky,6,"Starts with Tom."
Tomson,6,"Starts with Tom."
Tomsovic,6,"Starts with Tom."
Tomspon,6,"Starts with Tom."
Tomsu,6,"Starts with Tom."
Tomy,6,"Starts with Tom."
Tortomasi,6,"Starts with Tom."
Whittom,4,"It’s in there."
Winterbottom,4,"It’s in there."
Yasutomi,4,"It’s in there."
Zitomer,4,"It’s in there."
